season,team,manager,player_name,position,eligible_positions,week,logo_url,manager_image,manager_felo
2025,ManningHam N' Cheese,Kevinchie,Jalen Hurts,QB,QB,7,https://s.yimg.com/cv/apiv2/default/nfl/nfl_6_k.png,https://s.yimg.com/ag/images/default_user_profile_pic_64sq.jpg,gold
2025,ManningHam N' Cheese,Kevinchie,DK Metcalf,WR,"WR, W/R/T",7,https://s.yimg.com/cv/apiv2/default/nfl/nfl_6_k.png,https://s.yimg.com/ag/images/default_user_profile_pic_64sq.jpg,gold
2025,ManningHam N' Cheese,Kevinchie,DeVonta Smith,WR,"WR, W/R/T",7,https://s.yimg.com/cv/apiv2/default/nfl/nfl_6_k.png,https://s.yimg.com/ag/images/default_user_profile_pic_64sq.jpg,gold
2025,ManningHam N' Cheese,Kevinchie,Kyren Williams,RB,"RB, W/R/T",7,https://s.yimg.com/cv/apiv2/default/nfl/nfl_6_k.png,https://s.yimg.com/ag/images/default_user_profile_pic_64sq.jpg,gold
2025,ManningHam N' Cheese,Kevinchie,Josh Jacobs,RB,"RB, W/R/T",7,https://s.yimg.com/cv/apiv2/default/nfl/nfl_6_k.png,https://s.yimg.com/ag/images/default_user_profile_pic_64sq.jpg,gold
2025,ManningHam N' Cheese,Kevinchie,Hunter Henry,TE,"TE, W/R/T",7,https://s.yimg.com/cv/apiv2/default/nfl/nfl_6_k.png,https://s.yimg.com/ag/images/default_user_profile_pic_64sq.jpg,gold
2025,ManningHam N' Cheese,Kevinchie,Rachaad White,W/R/T,"RB, W/R/T",7,https://s.yimg.com/cv/apiv2/default/nfl/nfl_6_k.png,https://s.yimg.com/ag/images/default_user_profile_pic_64sq.jpg,gold
2025,ManningHam N' Cheese,Kevinchie,Emeka Egbuka,BN,"WR, W/R/T",7,https://s.yimg.com/cv/apiv2/default/nfl/nfl_6_k.png,https://s.yimg.com/ag/images/default_user_profile_pic_64sq.jpg,gold
2025,ManningHam N' Cheese,Kevinchie,Quinshon Judkins,BN,"RB, W/R/T",7,https://s.yimg.com/cv/apiv2/default/nfl/nfl_6_k.png,https://s.yimg.com/ag/images/default_user_profile_pic_64sq.jpg,gold
2025,ManningHam N' Cheese,Kevinchie,Wan'Dale Robinson,BN,"WR, W/R/T",7,https://s.yimg.com/cv/apiv2/default/nfl/nfl_6_k.png,https://s.yimg.com/ag/images/default_user_profile_pic_64sq.jpg,gold
2025,ManningHam N' Cheese,Kevinchie,Dallas Goedert,BN,"TE, W/R/T",7,https://s.yimg.com/cv/apiv2/default/nfl/nfl_6_k.png,https://s.yimg.com/ag/images/default_user_profile_pic_64sq.jpg,gold
2025,ManningHam N' Cheese,Kevinchie,Bryce Young,BN,QB,7,https://s.yimg.com/cv/apiv2/default/nfl/nfl_6_k.png,https://s.yimg.com/ag/images/default_user_profile_pic_64sq.jpg,gold
2025,ManningHam N' Cheese,Kevinchie,Sean Tucker,BN,"RB, W/R/T",7,https://s.yimg.com/cv/apiv2/default/nfl/nfl_6_k.png,https://s.yimg.com/ag/images/default_user_profile_pic_64sq.jpg,gold
2025,ManningHam N' Cheese,Kevinchie,Eddy Pineiro,K,K,7,https://s.yimg.com/cv/apiv2/default/nfl/nfl_6_k.png,https://s.yimg.com/ag/images/default_user_profile_pic_64sq.jpg,gold
2025,ManningHam N' Cheese,Kevinchie,Green Bay,DEF,DEF,7,https://s.yimg.com/cv/apiv2/default/nfl/nfl_6_k.png,https://s.yimg.com/ag/images/default_user_profile_pic_64sq.jpg,gold
2025,ManningHam N' Cheese,Kevinchie,New York,BN,DEF,7,https://s.yimg.com/cv/apiv2/default/nfl/nfl_6_k.png,https://s.yimg.com/ag/images/default_user_profile_pic_64sq.jpg,gold
2025,Flutie and the Blowfish,Brian,Jordan Love,QB,QB,7,https://yahoofantasysports-res.cloudinary.com/image/upload/t_s192sq/fantasy-logos/69c1b57f6f141eb28ca227f475d1bd836d70cf42100f4bd125f52c90bce76e5a.png,https://s.yimg.com/ag/images/6df94d9d-8e53-40e8-aa57-0dee75c97eddwJ_64sq.jpg,platinum
2025,Flutie and the Blowfish,Brian,Jaxon Smith-Njigba,WR,"WR, W/R/T",7,https://yahoofantasysports-res.cloudinary.com/image/upload/t_s192sq/fantasy-logos/69c1b57f6f141eb28ca227f475d1bd836d70cf42100f4bd125f52c90bce76e5a.png,https://s.yimg.com/ag/images/6df94d9d-8e53-40e8-aa57-0dee75c97eddwJ_64sq.jpg,platinum
2025,Flutie and the Blowfish,Brian,Justin Jefferson,WR,"WR, W/R/T",7,https://yahoofantasysports-res.cloudinary.com/image/upload/t_s192sq/fantasy-logos/69c1b57f6f141eb28ca227f475d1bd836d70cf42100f4bd125f52c90bce76e5a.png,https://s.yimg.com/ag/images/6df94d9d-8e53-40e8-aa57-0dee75c97eddwJ_64sq.jpg,platinum
2025,Flutie and the Blowfish,Brian,J.K. Dobbins,RB,"RB, W/R/T",7,https://yahoofantasysports-res.cloudinary.com/image/upload/t_s192sq/fantasy-logos/69c1b57f6f141eb28ca227f475d1bd836d70cf42100f4bd125f52c90bce76e5a.png,https://s.yimg.com/ag/images/6df94d9d-8e53-40e8-aa57-0dee75c97eddwJ_64sq.jpg,platinum
2025,Flutie and the Blowfish,Brian,Rhamondre Stevenson,RB,"RB, W/R/T",7,https://yahoofantasysports-res.cloudinary.com/image/upload/t_s192sq/fantasy-logos/69c1b57f6f141eb28ca227f475d1bd836d70cf42100f4bd125f52c90bce76e5a.png,https://s.yimg.com/ag/images/6df94d9d-8e53-40e8-aa57-0dee75c97eddwJ_64sq.jpg,platinum
2025,Flutie and the Blowfish,Brian,Jake Ferguson,TE,"TE, W/R/T",7,https://yahoofantasysports-res.cloudinary.com/image/upload/t_s192sq/fantasy-logos/69c1b57f6f141eb28ca227f475d1bd836d70cf42100f4bd125f52c90bce76e5a.png,https://s.yimg.com/ag/images/6df94d9d-8e53-40e8-aa57-0dee75c97eddwJ_64sq.jpg,platinum
2025,Flutie and the Blowfish,Brian,D'Andre Swift,W/R/T,"RB, W/R/T",7,https://yahoofantasysports-res.cloudinary.com/image/upload/t_s192sq/fantasy-logos/69c1b57f6f141eb28ca227f475d1bd836d70cf42100f4bd125f52c90bce76e5a.png,https://s.yimg.com/ag/images/6df94d9d-8e53-40e8-aa57-0dee75c97eddwJ_64sq.jpg,platinum
2025,Flutie and the Blowfish,Brian,Marvin Harrison Jr.,BN,"WR, W/R/T",7,https://yahoofantasysports-res.cloudinary.com/image/upload/t_s192sq/fantasy-logos/69c1b57f6f141eb28ca227f475d1bd836d70cf42100f4bd125f52c90bce76e5a.png,https://s.yimg.com/ag/images/6df94d9d-8e53-40e8-aa57-0dee75c97eddwJ_64sq.jpg,platinum
2025,Flutie and the Blowfish,Brian,James Cook III,BN,"RB, W/R/T",7,https://yahoofantasysports-res.cloudinary.com/image/upload/t_s192sq/fantasy-logos/69c1b57f6f141eb28ca227f475d1bd836d70cf42100f4bd125f52c90bce76e5a.png,https://s.yimg.com/ag/images/6df94d9d-8e53-40e8-aa57-0dee75c97eddwJ_64sq.jpg,platinum
2025,Flutie and the Blowfish,Brian,Kyler Murray,BN,QB,7,https://yahoofantasysports-res.cloudinary.com/image/upload/t_s192sq/fantasy-logos/69c1b57f6f141eb28ca227f475d1bd836d70cf42100f4bd125f52c90bce76e5a.png,https://s.yimg.com/ag/images/6df94d9d-8e53-40e8-aa57-0dee75c97eddwJ_64sq.jpg,platinum
2025,Flutie and the Blowfish,Brian,Travis Kelce,BN,"TE, W/R/T",7,https://yahoofantasysports-res.cloudinary.com/image/upload/t_s192sq/fantasy-logos/69c1b57f6f141eb28ca227f475d1bd836d70cf42100f4bd125f52c90bce76e5a.png,https://s.yimg.com/ag/images/6df94d9d-8e53-40e8-aa57-0dee75c97eddwJ_64sq.jpg,platinum
2025,Flutie and the Blowfish,Brian,Khalil Shakir,BN,"WR, W/R/T",7,https://yahoofantasysports-res.cloudinary.com/image/upload/t_s192sq/fantasy-logos/69c1b57f6f141eb28ca227f475d1bd836d70cf42100f4bd125f52c90bce76e5a.png,https://s.yimg.com/ag/images/6df94d9d-8e53-40e8-aa57-0dee75c97eddwJ_64sq.jpg,platinum
2025,Flutie and the Blowfish,Brian,Kenneth Gainwell,BN,"RB, W/R/T",7,https://yahoofantasysports-res.cloudinary.com/image/upload/t_s192sq/fantasy-logos/69c1b57f6f141eb28ca227f475d1bd836d70cf42100f4bd125f52c90bce76e5a.png,https://s.yimg.com/ag/images/6df94d9d-8e53-40e8-aa57-0dee75c97eddwJ_64sq.jpg,platinum
2025,Flutie and the Blowfish,Brian,Bam Knight,BN,"RB, W/R/T",7,https://yahoofantasysports-res.cloudinary.com/image/upload/t_s192sq/fantasy-logos/69c1b57f6f141eb28ca227f475d1bd836d70cf42100f4bd125f52c90bce76e5a.png,https://s.yimg.com/ag/images/6df94d9d-8e53-40e8-aa57-0dee75c97eddwJ_64sq.jpg,platinum
2025,Flutie and the Blowfish,Brian,Brandon Aubrey,K,K,7,https://yahoofantasysports-res.cloudinary.com/image/upload/t_s192sq/fantasy-logos/69c1b57f6f141eb28ca227f475d1bd836d70cf42100f4bd125f52c90bce76e5a.png,https://s.yimg.com/ag/images/6df94d9d-8e53-40e8-aa57-0dee75c97eddwJ_64sq.jpg,platinum
2025,Flutie and the Blowfish,Brian,Pittsburgh,DEF,DEF,7,https://yahoofantasysports-res.cloudinary.com/image/upload/t_s192sq/fantasy-logos/69c1b57f6f141eb28ca227f475d1bd836d70cf42100f4bd125f52c90bce76e5a.png,https://s.yimg.com/ag/images/6df94d9d-8e53-40e8-aa57-0dee75c97eddwJ_64sq.jpg,platinum
2025,Nacua Matata,Joshua,Dak Prescott,QB,QB,7,https://yahoofantasysports-res.cloudinary.com/image/upload/t_s192sq/fantasy-logos/53508e6ea2f02683db4351e9edcfe5eabe56676abec9ece01e04f6a9f4418b85.jpg,https://s.yimg.com/ag/images/default_user_profile_pic_64sq.jpg,bronze
2025,Nacua Matata,Joshua,Puka Nacua,WR,"WR, W/R/T",7,https://yahoofantasysports-res.cloudinary.com/image/upload/t_s192sq/fantasy-logos/53508e6ea2f02683db4351e9edcfe5eabe56676abec9ece01e04f6a9f4418b85.jpg,https://s.yimg.com/ag/images/default_user_profile_pic_64sq.jpg,bronze
2025,Nacua Matata,Joshua,George Pickens,WR,"WR, W/R/T",7,https://yahoofantasysports-res.cloudinary.com/image/upload/t_s192sq/fantasy-logos/53508e6ea2f02683db4351e9edcfe5eabe56676abec9ece01e04f6a9f4418b85.jpg,https://s.yimg.com/ag/images/default_user_profile_pic_64sq.jpg,bronze
2025,Nacua Matata,Joshua,Jahmyr Gibbs,RB,"RB, W/R/T",7,https://yahoofantasysports-res.cloudinary.com/image/upload/t_s192sq/fantasy-logos/53508e6ea2f02683db4351e9edcfe5eabe56676abec9ece01e04f6a9f4418b85.jpg,https://s.yimg.com/ag/images/default_user_profile_pic_64sq.jpg,bronze
2025,Nacua Matata,Joshua,Kenneth Walker III,RB,"RB, W/R/T",7,https://yahoofantasysports-res.cloudinary.com/image/upload/t_s192sq/fantasy-logos/53508e6ea2f02683db4351e9edcfe5eabe56676abec9ece01e04f6a9f4418b85.jpg,https://s.yimg.com/ag/images/default_user_profile_pic_64sq.jpg,bronze
2025,Nacua Matata,Joshua,Darren Waller,TE,"TE, W/R/T",7,https://yahoofantasysports-res.cloudinary.com/image/upload/t_s192sq/fantasy-logos/53508e6ea2f02683db4351e9edcfe5eabe56676abec9ece01e04f6a9f4418b85.jpg,https://s.yimg.com/ag/images/default_user_profile_pic_64sq.jpg,bronze
2025,Nacua Matata,Joshua,Jakobi Meyers,W/R/T,"WR, W/R/T",7,https://yahoofantasysports-res.cloudinary.com/image/upload/t_s192sq/fantasy-logos/53508e6ea2f02683db4351e9edcfe5eabe56676abec9ece01e04f6a9f4418b85.jpg,https://s.yimg.com/ag/images/default_user_profile_pic_64sq.jpg,bronze
2025,Nacua Matata,Joshua,Woody Marks,BN,"RB, W/R/T",7,https://yahoofantasysports-res.cloudinary.com/image/upload/t_s192sq/fantasy-logos/53508e6ea2f02683db4351e9edcfe5eabe56676abec9ece01e04f6a9f4418b85.jpg,https://s.yimg.com/ag/images/default_user_profile_pic_64sq.jpg,bronze
2025,Nacua Matata,Joshua,T.J. Hockenson,BN,"TE, W/R/T",7,https://yahoofantasysports-res.cloudinary.com/image/upload/t_s192sq/fantasy-logos/53508e6ea2f02683db4351e9edcfe5eabe56676abec9ece01e04f6a9f4418b85.jpg,https://s.yimg.com/ag/images/default_user_profile_pic_64sq.jpg,bronze
2025,Nacua Matata,Joshua,Jameson Williams,BN,"WR, W/R/T",7,https://yahoofantasysports-res.cloudinary.com/image/upload/t_s192sq/fantasy-logos/53508e6ea2f02683db4351e9edcfe5eabe56676abec9ece01e04f6a9f4418b85.jpg,https://s.yimg.com/ag/images/default_user_profile_pic_64sq.jpg,bronze
2025,Nacua Matata,Joshua,Chris Godwin Jr.,BN,"WR, W/R/T",7,https://yahoofantasysports-res.cloudinary.com/image/upload/t_s192sq/fantasy-logos/53508e6ea2f02683db4351e9edcfe5eabe56676abec9ece01e04f6a9f4418b85.jpg,https://s.yimg.com/ag/images/default_user_profile_pic_64sq.jpg,bronze
2025,Nacua Matata,Joshua,Baker Mayfield,BN,QB,7,https://yahoofantasysports-res.cloudinary.com/image/upload/t_s192sq/fantasy-logos/53508e6ea2f02683db4351e9edcfe5eabe56676abec9ece01e04f6a9f4418b85.jpg,https://s.yimg.com/ag/images/default_user_profile_pic_64sq.jpg,bronze
2025,Nacua Matata,Joshua,Kendrick Bourne,BN,"WR, W/R/T",7,https://yahoofantasysports-res.cloudinary.com/image/upload/t_s192sq/fantasy-logos/53508e6ea2f02683db4351e9edcfe5eabe56676abec9ece01e04f6a9f4418b85.jpg,https://s.yimg.com/ag/images/default_user_profile_pic_64sq.jpg,bronze
2025,Nacua Matata,Joshua,Samaje Perine,BN,"RB, W/R/T",7,https://yahoofantasysports-res.cloudinary.com/image/upload/t_s192sq/fantasy-logos/53508e6ea2f02683db4351e9edcfe5eabe56676abec9ece01e04f6a9f4418b85.jpg,https://s.yimg.com/ag/images/default_user_profile_pic_64sq.jpg,bronze
2025,Nacua Matata,Joshua,Chris Boswell,BN,K,7,https://yahoofantasysports-res.cloudinary.com/image/upload/t_s192sq/fantasy-logos/53508e6ea2f02683db4351e9edcfe5eabe56676abec9ece01e04f6a9f4418b85.jpg,https://s.yimg.com/ag/images/default_user_profile_pic_64sq.jpg,bronze
2025,Nacua Matata,Joshua,New England,DEF,DEF,7,https://yahoofantasysports-res.cloudinary.com/image/upload/t_s192sq/fantasy-logos/53508e6ea2f02683db4351e9edcfe5eabe56676abec9ece01e04f6a9f4418b85.jpg,https://s.yimg.com/ag/images/default_user_profile_pic_64sq.jpg,bronze
2025,Hayes Brigade,Christopher,Daniel Jones,QB,QB,7,https://s.yimg.com/cv/apiv2/default/nfl/nfl_5_c.png,https://s.yimg.com/ag/images/default_user_profile_pic_64sq.jpg,bronze
2025,Hayes Brigade,Christopher,Rome Odunze,WR,"WR, W/R/T",7,https://s.yimg.com/cv/apiv2/default/nfl/nfl_5_c.png,https://s.yimg.com/ag/images/default_user_profile_pic_64sq.jpg,bronze
2025,Hayes Brigade,Christopher,Jordan Addison,WR,"WR, W/R/T",7,https://s.yimg.com/cv/apiv2/default/nfl/nfl_5_c.png,https://s.yimg.com/ag/images/default_user_profile_pic_64sq.jpg,bronze
2025,Hayes Brigade,Christopher,Jonathan Taylor,RB,"RB, W/R/T",7,https://s.yimg.com/cv/apiv2/default/nfl/nfl_5_c.png,https://s.yimg.com/ag/images/default_user_profile_pic_64sq.jpg,bronze
2025,Hayes Brigade,Christopher,Bijan Robinson,RB,"RB, W/R/T",7,https://s.yimg.com/cv/apiv2/default/nfl/nfl_5_c.png,https://s.yimg.com/ag/images/default_user_profile_pic_64sq.jpg,bronze
2025,Hayes Brigade,Christopher,Zach Ertz,TE,"TE, W/R/T",7,https://s.yimg.com/cv/apiv2/default/nfl/nfl_5_c.png,https://s.yimg.com/ag/images/default_user_profile_pic_64sq.jpg,bronze
2025,Hayes Brigade,Christopher,Rico Dowdle,W/R/T,"RB, W/R/T",7,https://s.yimg.com/cv/apiv2/default/nfl/nfl_5_c.png,https://s.yimg.com/ag/images/default_user_profile_pic_64sq.jpg,bronze
2025,Hayes Brigade,Christopher,Jauan Jennings,BN,"WR, W/R/T",7,https://s.yimg.com/cv/apiv2/default/nfl/nfl_5_c.png,https://s.yimg.com/ag/images/default_user_profile_pic_64sq.jpg,bronze
2025,Hayes Brigade,Christopher,Zay Flowers,BN,"WR, W/R/T",7,https://s.yimg.com/cv/apiv2/default/nfl/nfl_5_c.png,https://s.yimg.com/ag/images/default_user_profile_pic_64sq.jpg,bronze
2025,Hayes Brigade,Christopher,Hollywood Brown,BN,"WR, W/R/T",7,https://s.yimg.com/cv/apiv2/default/nfl/nfl_5_c.png,https://s.yimg.com/ag/images/default_user_profile_pic_64sq.jpg,bronze
2025,Hayes Brigade,Christopher,Lamar Jackson,BN,QB,7,https://s.yimg.com/cv/apiv2/default/nfl/nfl_5_c.png,https://s.yimg.com/ag/images/default_user_profile_pic_64sq.jpg,bronze
2025,Hayes Brigade,Christopher,Tee Higgins,BN,"WR, W/R/T",7,https://s.yimg.com/cv/apiv2/default/nfl/nfl_5_c.png,https://s.yimg.com/ag/images/default_user_profile_pic_64sq.jpg,bronze
2025,Hayes Brigade,Christopher,Romeo Doubs,BN,"WR, W/R/T",7,https://s.yimg.com/cv/apiv2/default/nfl/nfl_5_c.png,https://s.yimg.com/ag/images/default_user_profile_pic_64sq.jpg,bronze
2025,Hayes Brigade,Christopher,Tyler Higbee,BN,"TE, W/R/T",7,https://s.yimg.com/cv/apiv2/default/nfl/nfl_5_c.png,https://s.yimg.com/ag/images/default_user_profile_pic_64sq.jpg,bronze
2025,Hayes Brigade,Christopher,Matt Gay,K,K,7,https://s.yimg.com/cv/apiv2/default/nfl/nfl_5_c.png,https://s.yimg.com/ag/images/default_user_profile_pic_64sq.jpg,bronze
2025,Hayes Brigade,Christopher,Minnesota,DEF,DEF,7,https://s.yimg.com/cv/apiv2/default/nfl/nfl_5_c.png,https://s.yimg.com/ag/images/default_user_profile_pic_64sq.jpg,bronze
2025,FDIC Crew,tony,Bo Nix,QB,QB,7,https://yahoofantasysports-res.cloudinary.com/image/upload/t_s192sq/fantasy-logos/da1d5331f6fc65187f86f6a1c2c301fc0b950739f4ab9fd1ca4c613213a12d3f.png,https://s.yimg.com/ag/images/default_user_profile_pic_64sq.jpg,gold
2025,FDIC Crew,tony,Nico Collins,WR,"WR, W/R/T",7,https://yahoofantasysports-res.cloudinary.com/image/upload/t_s192sq/fantasy-logos/da1d5331f6fc65187f86f6a1c2c301fc0b950739f4ab9fd1ca4c613213a12d3f.png,https://s.yimg.com/ag/images/default_user_profile_pic_64sq.jpg,gold
2025,FDIC Crew,tony,Davante Adams,WR,"WR, W/R/T",7,https://yahoofantasysports-res.cloudinary.com/image/upload/t_s192sq/fantasy-logos/da1d5331f6fc65187f86f6a1c2c301fc0b950739f4ab9fd1ca4c613213a12d3f.png,https://s.yimg.com/ag/images/default_user_profile_pic_64sq.jpg,gold
2025,FDIC Crew,tony,De'Von Achane,RB,"RB, W/R/T",7,https://yahoofantasysports-res.cloudinary.com/image/upload/t_s192sq/fantasy-logos/da1d5331f6fc65187f86f6a1c2c301fc0b950739f4ab9fd1ca4c613213a12d3f.png,https://s.yimg.com/ag/images/default_user_profile_pic_64sq.jpg,gold
2025,FDIC Crew,tony,RJ Harvey,RB,"RB, W/R/T",7,https://yahoofantasysports-res.cloudinary.com/image/upload/t_s192sq/fantasy-logos/da1d5331f6fc65187f86f6a1c2c301fc0b950739f4ab9fd1ca4c613213a12d3f.png,https://s.yimg.com/ag/images/default_user_profile_pic_64sq.jpg,gold
2025,FDIC Crew,tony,Trey McBride,TE,"TE, W/R/T",7,https://yahoofantasysports-res.cloudinary.com/image/upload/t_s192sq/fantasy-logos/da1d5331f6fc65187f86f6a1c2c301fc0b950739f4ab9fd1ca4c613213a12d3f.png,https://s.yimg.com/ag/images/default_user_profile_pic_64sq.jpg,gold
2025,FDIC Crew,tony,Jaylen Waddle,W/R/T,"WR, W/R/T",7,https://yahoofantasysports-res.cloudinary.com/image/upload/t_s192sq/fantasy-logos/da1d5331f6fc65187f86f6a1c2c301fc0b950739f4ab9fd1ca4c613213a12d3f.png,https://s.yimg.com/ag/images/default_user_profile_pic_64sq.jpg,gold
2025,FDIC Crew,tony,Courtland Sutton,BN,"WR, W/R/T",7,https://yahoofantasysports-res.cloudinary.com/image/upload/t_s192sq/fantasy-logos/da1d5331f6fc65187f86f6a1c2c301fc0b950739f4ab9fd1ca4c613213a12d3f.png,https://s.yimg.com/ag/images/default_user_profile_pic_64sq.jpg,gold
2025,FDIC Crew,tony,Justin Herbert,BN,QB,7,https://yahoofantasysports-res.cloudinary.com/image/upload/t_s192sq/fantasy-logos/da1d5331f6fc65187f86f6a1c2c301fc0b950739f4ab9fd1ca4c613213a12d3f.png,https://s.yimg.com/ag/images/default_user_profile_pic_64sq.jpg,gold
2025,FDIC Crew,tony,Kareem Hunt,BN,"RB, W/R/T",7,https://yahoofantasysports-res.cloudinary.com/image/upload/t_s192sq/fantasy-logos/da1d5331f6fc65187f86f6a1c2c301fc0b950739f4ab9fd1ca4c613213a12d3f.png,https://s.yimg.com/ag/images/default_user_profile_pic_64sq.jpg,gold
2025,FDIC Crew,tony,Tyjae Spears,BN,"RB, W/R/T",7,https://yahoofantasysports-res.cloudinary.com/image/upload/t_s192sq/fantasy-logos/da1d5331f6fc65187f86f6a1c2c301fc0b950739f4ab9fd1ca4c613213a12d3f.png,https://s.yimg.com/ag/images/default_user_profile_pic_64sq.jpg,gold
2025,FDIC Crew,tony,Tyrone Tracy Jr.,BN,"RB, W/R/T",7,https://yahoofantasysports-res.cloudinary.com/image/upload/t_s192sq/fantasy-logos/da1d5331f6fc65187f86f6a1c2c301fc0b950739f4ab9fd1ca4c613213a12d3f.png,https://s.yimg.com/ag/images/default_user_profile_pic_64sq.jpg,gold
2025,FDIC Crew,tony,Calvin Ridley,BN,"WR, W/R/T",7,https://yahoofantasysports-res.cloudinary.com/image/upload/t_s192sq/fantasy-logos/da1d5331f6fc65187f86f6a1c2c301fc0b950739f4ab9fd1ca4c613213a12d3f.png,https://s.yimg.com/ag/images/default_user_profile_pic_64sq.jpg,gold
2025,FDIC Crew,tony,Chase McLaughlin,K,K,7,https://yahoofantasysports-res.cloudinary.com/image/upload/t_s192sq/fantasy-logos/da1d5331f6fc65187f86f6a1c2c301fc0b950739f4ab9fd1ca4c613213a12d3f.png,https://s.yimg.com/ag/images/default_user_profile_pic_64sq.jpg,gold
2025,FDIC Crew,tony,Kansas City,DEF,DEF,7,https://yahoofantasysports-res.cloudinary.com/image/upload/t_s192sq/fantasy-logos/da1d5331f6fc65187f86f6a1c2c301fc0b950739f4ab9fd1ca4c613213a12d3f.png,https://s.yimg.com/ag/images/default_user_profile_pic_64sq.jpg,gold
2025,FDIC Crew,tony,Los Angeles,BN,DEF,7,https://yahoofantasysports-res.cloudinary.com/image/upload/t_s192sq/fantasy-logos/da1d5331f6fc65187f86f6a1c2c301fc0b950739f4ab9fd1ca4c613213a12d3f.png,https://s.yimg.com/ag/images/default_user_profile_pic_64sq.jpg,gold
2025,Koo and the Gang,Kenneth Smith,Caleb Williams,QB,QB,7,https://s.yimg.com/cv/apiv2/default/nfl/nfl_9.png,https://s.yimg.com/ag/images/default_user_profile_pic_64sq.jpg,gold
2025,Koo and the Gang,Kenneth Smith,Ja'Marr Chase,WR,"WR, W/R/T",7,https://s.yimg.com/cv/apiv2/default/nfl/nfl_9.png,https://s.yimg.com/ag/images/default_user_profile_pic_64sq.jpg,gold
2025,Koo and the Gang,Kenneth Smith,A.J. Brown,WR,"WR, W/R/T",7,https://s.yimg.com/cv/apiv2/default/nfl/nfl_9.png,https://s.yimg.com/ag/images/default_user_profile_pic_64sq.jpg,gold
2025,Koo and the Gang,Kenneth Smith,Tony Pollard,RB,"RB, W/R/T",7,https://s.yimg.com/cv/apiv2/default/nfl/nfl_9.png,https://s.yimg.com/ag/images/default_user_profile_pic_64sq.jpg,gold
2025,Koo and the Gang,Kenneth Smith,Tyler Allgeier,RB,"RB, W/R/T",7,https://s.yimg.com/cv/apiv2/default/nfl/nfl_9.png,https://s.yimg.com/ag/images/default_user_profile_pic_64sq.jpg,gold
2025,Koo and the Gang,Kenneth Smith,Theo Johnson,TE,"TE, W/R/T",7,https://s.yimg.com/cv/apiv2/default/nfl/nfl_9.png,https://s.yimg.com/ag/images/default_user_profile_pic_64sq.jpg,gold
2025,Koo and the Gang,Kenneth Smith,Elic Ayomanor,W/R/T,"WR, W/R/T",7,https://s.yimg.com/cv/apiv2/default/nfl/nfl_9.png,https://s.yimg.com/ag/images/default_user_profile_pic_64sq.jpg,gold
2025,Koo and the Gang,Kenneth Smith,Derrick Henry,BN,"RB, W/R/T",7,https://s.yimg.com/cv/apiv2/default/nfl/nfl_9.png,https://s.yimg.com/ag/images/default_user_profile_pic_64sq.jpg,gold
2025,Koo and the Gang,Kenneth Smith,Jaxson Dart,BN,QB,7,https://s.yimg.com/cv/apiv2/default/nfl/nfl_9.png,https://s.yimg.com/ag/images/default_user_profile_pic_64sq.jpg,gold
2025,Koo and the Gang,Kenneth Smith,Dylan Sampson,BN,"RB, W/R/T",7,https://s.yimg.com/cv/apiv2/default/nfl/nfl_9.png,https://s.yimg.com/ag/images/default_user_profile_pic_64sq.jpg,gold
2025,Koo and the Gang,Kenneth Smith,Jerry Jeudy,BN,"WR, W/R/T",7,https://s.yimg.com/cv/apiv2/default/nfl/nfl_9.png,https://s.yimg.com/ag/images/default_user_profile_pic_64sq.jpg,gold
2025,Koo and the Gang,Kenneth Smith,George Kittle,BN,"TE, W/R/T",7,https://s.yimg.com/cv/apiv2/default/nfl/nfl_9.png,https://s.yimg.com/ag/images/default_user_profile_pic_64sq.jpg,gold
2025,Koo and the Gang,Kenneth Smith,Jayden Higgins,BN,"WR, W/R/T",7,https://s.yimg.com/cv/apiv2/default/nfl/nfl_9.png,https://s.yimg.com/ag/images/default_user_profile_pic_64sq.jpg,gold
2025,Koo and the Gang,Kenneth Smith,Joshua Palmer,BN,"WR, W/R/T",7,https://s.yimg.com/cv/apiv2/default/nfl/nfl_9.png,https://s.yimg.com/ag/images/default_user_profile_pic_64sq.jpg,gold
2025,Koo and the Gang,Kenneth Smith,Jason Myers,K,K,7,https://s.yimg.com/cv/apiv2/default/nfl/nfl_9.png,https://s.yimg.com/ag/images/default_user_profile_pic_64sq.jpg,gold
2025,Koo and the Gang,Kenneth Smith,Los Angeles,DEF,DEF,7,https://s.yimg.com/cv/apiv2/default/nfl/nfl_9.png,https://s.yimg.com/ag/images/default_user_profile_pic_64sq.jpg,gold
2025,Boom Squad,JEff,Justin Fields,QB,QB,7,https://s.yimg.com/cv/apiv2/default/nfl/nfl_1.png,https://s.yimg.com/ag/images/4601/38288660844_162bee_64sq.jpg,silver
2025,Boom Squad,JEff,Ladd McConkey,WR,"WR, W/R/T",7,https://s.yimg.com/cv/apiv2/default/nfl/nfl_1.png,https://s.yimg.com/ag/images/4601/38288660844_162bee_64sq.jpg,silver
2025,Boom Squad,JEff,Rashee Rice,WR,"WR, W/R/T",7,https://s.yimg.com/cv/apiv2/default/nfl/nfl_1.png,https://s.yimg.com/ag/images/4601/38288660844_162bee_64sq.jpg,silver
2025,Boom Squad,JEff,Travis Etienne Jr.,RB,"RB, W/R/T",7,https://s.yimg.com/cv/apiv2/default/nfl/nfl_1.png,https://s.yimg.com/ag/images/4601/38288660844_162bee_64sq.jpg,silver
2025,Boom Squad,JEff,Jordan Mason,RB,"RB, W/R/T",7,https://s.yimg.com/cv/apiv2/default/nfl/nfl_1.png,https://s.yimg.com/ag/images/4601/38288660844_162bee_64sq.jpg,silver
2025,Boom Squad,JEff,Tucker Kraft,TE,"TE, W/R/T",7,https://s.yimg.com/cv/apiv2/default/nfl/nfl_1.png,https://s.yimg.com/ag/images/4601/38288660844_162bee_64sq.jpg,silver
2025,Boom Squad,JEff,Brian Thomas Jr.,W/R/T,"WR, W/R/T",7,https://s.yimg.com/cv/apiv2/default/nfl/nfl_1.png,https://s.yimg.com/ag/images/4601/38288660844_162bee_64sq.jpg,silver
2025,Boom Squad,JEff,Trevor Lawrence,BN,QB,7,https://s.yimg.com/cv/apiv2/default/nfl/nfl_1.png,https://s.yimg.com/ag/images/4601/38288660844_162bee_64sq.jpg,silver
2025,Boom Squad,JEff,Tetairoa McMillan,BN,"WR, W/R/T",7,https://s.yimg.com/cv/apiv2/default/nfl/nfl_1.png,https://s.yimg.com/ag/images/4601/38288660844_162bee_64sq.jpg,silver
2025,Boom Squad,JEff,Blake Corum,BN,"RB, W/R/T",7,https://s.yimg.com/cv/apiv2/default/nfl/nfl_1.png,https://s.yimg.com/ag/images/4601/38288660844_162bee_64sq.jpg,silver
2025,Boom Squad,JEff,Omarion Hampton,BN,"RB, W/R/T",7,https://s.yimg.com/cv/apiv2/default/nfl/nfl_1.png,https://s.yimg.com/ag/images/4601/38288660844_162bee_64sq.jpg,silver
2025,Boom Squad,JEff,David Njoku,BN,"TE, W/R/T",7,https://s.yimg.com/cv/apiv2/default/nfl/nfl_1.png,https://s.yimg.com/ag/images/4601/38288660844_162bee_64sq.jpg,silver
2025,Boom Squad,JEff,Chris Olave,BN,"WR, W/R/T",7,https://s.yimg.com/cv/apiv2/default/nfl/nfl_1.png,https://s.yimg.com/ag/images/4601/38288660844_162bee_64sq.jpg,silver
2025,Boom Squad,JEff,Travis Hunter,BN,"WR, W/R/T",7,https://s.yimg.com/cv/apiv2/default/nfl/nfl_1.png,https://s.yimg.com/ag/images/4601/38288660844_162bee_64sq.jpg,silver
2025,Boom Squad,JEff,Ka'imi Fairbairn,K,K,7,https://s.yimg.com/cv/apiv2/default/nfl/nfl_1.png,https://s.yimg.com/ag/images/4601/38288660844_162bee_64sq.jpg,silver
2025,Boom Squad,JEff,Houston,DEF,DEF,7,https://s.yimg.com/cv/apiv2/default/nfl/nfl_1.png,https://s.yimg.com/ag/images/4601/38288660844_162bee_64sq.jpg,silver
2025,Dr. Fields Good,Lee,C.J. Stroud,QB,QB,7,https://yahoofantasysports-res.cloudinary.com/image/upload/t_s192sq/fantasy-logos/2a95e7f171da9407fc3eb2f703f960407bfdf7ca4739b334624a160dc53b0418.png,https://s.yimg.com/ag/images/1842/43464547604_ae8323_64sq.jpg,gold
2025,Dr. Fields Good,Lee,Deebo Samuel,WR,"WR, W/R/T",7,https://yahoofantasysports-res.cloudinary.com/image/upload/t_s192sq/fantasy-logos/2a95e7f171da9407fc3eb2f703f960407bfdf7ca4739b334624a160dc53b0418.png,https://s.yimg.com/ag/images/1842/43464547604_ae8323_64sq.jpg,gold
2025,Dr. Fields Good,Lee,Michael Pittman Jr.,WR,"WR, W/R/T",7,https://yahoofantasysports-res.cloudinary.com/image/upload/t_s192sq/fantasy-logos/2a95e7f171da9407fc3eb2f703f960407bfdf7ca4739b334624a160dc53b0418.png,https://s.yimg.com/ag/images/1842/43464547604_ae8323_64sq.jpg,gold
2025,Dr. Fields Good,Lee,Cam Skattebo,RB,"RB, W/R/T",7,https://yahoofantasysports-res.cloudinary.com/image/upload/t_s192sq/fantasy-logos/2a95e7f171da9407fc3eb2f703f960407bfdf7ca4739b334624a160dc53b0418.png,https://s.yimg.com/ag/images/1842/43464547604_ae8323_64sq.jpg,gold
2025,Dr. Fields Good,Lee,Ashton Jeanty,RB,"RB, W/R/T",7,https://yahoofantasysports-res.cloudinary.com/image/upload/t_s192sq/fantasy-logos/2a95e7f171da9407fc3eb2f703f960407bfdf7ca4739b334624a160dc53b0418.png,https://s.yimg.com/ag/images/1842/43464547604_ae8323_64sq.jpg,gold
2025,Dr. Fields Good,Lee,Cade Otton,TE,"TE, W/R/T",7,https://yahoofantasysports-res.cloudinary.com/image/upload/t_s192sq/fantasy-logos/2a95e7f171da9407fc3eb2f703f960407bfdf7ca4739b334624a160dc53b0418.png,https://s.yimg.com/ag/images/1842/43464547604_ae8323_64sq.jpg,gold
2025,Dr. Fields Good,Lee,Jacory Croskey-Merritt,W/R/T,"RB, W/R/T",7,https://yahoofantasysports-res.cloudinary.com/image/upload/t_s192sq/fantasy-logos/2a95e7f171da9407fc3eb2f703f960407bfdf7ca4739b334624a160dc53b0418.png,https://s.yimg.com/ag/images/1842/43464547604_ae8323_64sq.jpg,gold
2025,Dr. Fields Good,Lee,Mark Andrews,BN,"TE, W/R/T",7,https://yahoofantasysports-res.cloudinary.com/image/upload/t_s192sq/fantasy-logos/2a95e7f171da9407fc3eb2f703f960407bfdf7ca4739b334624a160dc53b0418.png,https://s.yimg.com/ag/images/1842/43464547604_ae8323_64sq.jpg,gold
2025,Dr. Fields Good,Lee,Josh Allen,BN,QB,7,https://yahoofantasysports-res.cloudinary.com/image/upload/t_s192sq/fantasy-logos/2a95e7f171da9407fc3eb2f703f960407bfdf7ca4739b334624a160dc53b0418.png,https://s.yimg.com/ag/images/1842/43464547604_ae8323_64sq.jpg,gold
2025,Dr. Fields Good,Lee,Brock Bowers,BN,"TE, W/R/T",7,https://yahoofantasysports-res.cloudinary.com/image/upload/t_s192sq/fantasy-logos/2a95e7f171da9407fc3eb2f703f960407bfdf7ca4739b334624a160dc53b0418.png,https://s.yimg.com/ag/images/1842/43464547604_ae8323_64sq.jpg,gold
2025,Dr. Fields Good,Lee,David Montgomery,BN,"RB, W/R/T",7,https://yahoofantasysports-res.cloudinary.com/image/upload/t_s192sq/fantasy-logos/2a95e7f171da9407fc3eb2f703f960407bfdf7ca4739b334624a160dc53b0418.png,https://s.yimg.com/ag/images/1842/43464547604_ae8323_64sq.jpg,gold
2025,Dr. Fields Good,Lee,TreVeyon Henderson,BN,"RB, W/R/T",7,https://yahoofantasysports-res.cloudinary.com/image/upload/t_s192sq/fantasy-logos/2a95e7f171da9407fc3eb2f703f960407bfdf7ca4739b334624a160dc53b0418.png,https://s.yimg.com/ag/images/1842/43464547604_ae8323_64sq.jpg,gold
2025,Dr. Fields Good,Lee,Kimani Vidal,BN,"RB, W/R/T",7,https://yahoofantasysports-res.cloudinary.com/image/upload/t_s192sq/fantasy-logos/2a95e7f171da9407fc3eb2f703f960407bfdf7ca4739b334624a160dc53b0418.png,https://s.yimg.com/ag/images/1842/43464547604_ae8323_64sq.jpg,gold
2025,Dr. Fields Good,Lee,Kendre Miller,BN,"RB, W/R/T",7,https://yahoofantasysports-res.cloudinary.com/image/upload/t_s192sq/fantasy-logos/2a95e7f171da9407fc3eb2f703f960407bfdf7ca4739b334624a160dc53b0418.png,https://s.yimg.com/ag/images/1842/43464547604_ae8323_64sq.jpg,gold
2025,Dr. Fields Good,Lee,Jaydon Blue,BN,"RB, W/R/T",7,https://yahoofantasysports-res.cloudinary.com/image/upload/t_s192sq/fantasy-logos/2a95e7f171da9407fc3eb2f703f960407bfdf7ca4739b334624a160dc53b0418.png,https://s.yimg.com/ag/images/1842/43464547604_ae8323_64sq.jpg,gold
2025,Dr. Fields Good,Lee,Seattle,DEF,DEF,7,https://yahoofantasysports-res.cloudinary.com/image/upload/t_s192sq/fantasy-logos/2a95e7f171da9407fc3eb2f703f960407bfdf7ca4739b334624a160dc53b0418.png,https://s.yimg.com/ag/images/1842/43464547604_ae8323_64sq.jpg,gold
2025,The Warren Brothers,Edward Shively,Drake Maye,QB,QB,7,https://yahoofantasysports-res.cloudinary.com/image/upload/t_s192sq/fantasy-logos/38b72730b2ef3b5ebabe983498f932c4fc0b9d5af68d06137f5442a22d6e2e0d.jpg,https://s.yimg.com/ag/images/default_user_profile_pic_64sq.jpg,silver
2025,The Warren Brothers,Edward Shively,Stefon Diggs,WR,"WR, W/R/T",7,https://yahoofantasysports-res.cloudinary.com/image/upload/t_s192sq/fantasy-logos/38b72730b2ef3b5ebabe983498f932c4fc0b9d5af68d06137f5442a22d6e2e0d.jpg,https://s.yimg.com/ag/images/default_user_profile_pic_64sq.jpg,silver
2025,The Warren Brothers,Edward Shively,Xavier Worthy,WR,"WR, W/R/T",7,https://yahoofantasysports-res.cloudinary.com/image/upload/t_s192sq/fantasy-logos/38b72730b2ef3b5ebabe983498f932c4fc0b9d5af68d06137f5442a22d6e2e0d.jpg,https://s.yimg.com/ag/images/default_user_profile_pic_64sq.jpg,silver
2025,The Warren Brothers,Edward Shively,Christian McCaffrey,RB,"RB, W/R/T",7,https://yahoofantasysports-res.cloudinary.com/image/upload/t_s192sq/fantasy-logos/38b72730b2ef3b5ebabe983498f932c4fc0b9d5af68d06137f5442a22d6e2e0d.jpg,https://s.yimg.com/ag/images/default_user_profile_pic_64sq.jpg,silver
2025,The Warren Brothers,Edward Shively,Jaylen Warren,RB,"RB, W/R/T",7,https://yahoofantasysports-res.cloudinary.com/image/upload/t_s192sq/fantasy-logos/38b72730b2ef3b5ebabe983498f932c4fc0b9d5af68d06137f5442a22d6e2e0d.jpg,https://s.yimg.com/ag/images/default_user_profile_pic_64sq.jpg,silver
2025,The Warren Brothers,Edward Shively,Tyler Warren,TE,"TE, W/R/T",7,https://yahoofantasysports-res.cloudinary.com/image/upload/t_s192sq/fantasy-logos/38b72730b2ef3b5ebabe983498f932c4fc0b9d5af68d06137f5442a22d6e2e0d.jpg,https://s.yimg.com/ag/images/default_user_profile_pic_64sq.jpg,silver
2025,The Warren Brothers,Edward Shively,Ricky Pearsall,W/R/T,"WR, W/R/T",7,https://yahoofantasysports-res.cloudinary.com/image/upload/t_s192sq/fantasy-logos/38b72730b2ef3b5ebabe983498f932c4fc0b9d5af68d06137f5442a22d6e2e0d.jpg,https://s.yimg.com/ag/images/default_user_profile_pic_64sq.jpg,silver
2025,The Warren Brothers,Edward Shively,Chase Brown,BN,"RB, W/R/T",7,https://yahoofantasysports-res.cloudinary.com/image/upload/t_s192sq/fantasy-logos/38b72730b2ef3b5ebabe983498f932c4fc0b9d5af68d06137f5442a22d6e2e0d.jpg,https://s.yimg.com/ag/images/default_user_profile_pic_64sq.jpg,silver
2025,The Warren Brothers,Edward Shively,Troy Franklin,BN,"WR, W/R/T",7,https://yahoofantasysports-res.cloudinary.com/image/upload/t_s192sq/fantasy-logos/38b72730b2ef3b5ebabe983498f932c4fc0b9d5af68d06137f5442a22d6e2e0d.jpg,https://s.yimg.com/ag/images/default_user_profile_pic_64sq.jpg,silver
2025,The Warren Brothers,Edward Shively,KaVontae Turpin,BN,"WR, W/R/T",7,https://yahoofantasysports-res.cloudinary.com/image/upload/t_s192sq/fantasy-logos/38b72730b2ef3b5ebabe983498f932c4fc0b9d5af68d06137f5442a22d6e2e0d.jpg,https://s.yimg.com/ag/images/default_user_profile_pic_64sq.jpg,silver
2025,The Warren Brothers,Edward Shively,Brock Purdy,BN,QB,7,https://yahoofantasysports-res.cloudinary.com/image/upload/t_s192sq/fantasy-logos/38b72730b2ef3b5ebabe983498f932c4fc0b9d5af68d06137f5442a22d6e2e0d.jpg,https://s.yimg.com/ag/images/default_user_profile_pic_64sq.jpg,silver
2025,The Warren Brothers,Edward Shively,Bhayshul Tuten,BN,"RB, W/R/T",7,https://yahoofantasysports-res.cloudinary.com/image/upload/t_s192sq/fantasy-logos/38b72730b2ef3b5ebabe983498f932c4fc0b9d5af68d06137f5442a22d6e2e0d.jpg,https://s.yimg.com/ag/images/default_user_profile_pic_64sq.jpg,silver
2025,The Warren Brothers,Edward Shively,Isiah Pacheco,BN,"RB, W/R/T",7,https://yahoofantasysports-res.cloudinary.com/image/upload/t_s192sq/fantasy-logos/38b72730b2ef3b5ebabe983498f932c4fc0b9d5af68d06137f5442a22d6e2e0d.jpg,https://s.yimg.com/ag/images/default_user_profile_pic_64sq.jpg,silver
2025,The Warren Brothers,Edward Shively,Marvin Mims Jr.,BN,"WR, W/R/T",7,https://yahoofantasysports-res.cloudinary.com/image/upload/t_s192sq/fantasy-logos/38b72730b2ef3b5ebabe983498f932c4fc0b9d5af68d06137f5442a22d6e2e0d.jpg,https://s.yimg.com/ag/images/default_user_profile_pic_64sq.jpg,silver
2025,The Warren Brothers,Edward Shively,Cameron Dicker,K,K,7,https://yahoofantasysports-res.cloudinary.com/image/upload/t_s192sq/fantasy-logos/38b72730b2ef3b5ebabe983498f932c4fc0b9d5af68d06137f5442a22d6e2e0d.jpg,https://s.yimg.com/ag/images/default_user_profile_pic_64sq.jpg,silver
2025,The Warren Brothers,Edward Shively,Philadelphia,DEF,DEF,7,https://yahoofantasysports-res.cloudinary.com/image/upload/t_s192sq/fantasy-logos/38b72730b2ef3b5ebabe983498f932c4fc0b9d5af68d06137f5442a22d6e2e0d.jpg,https://s.yimg.com/ag/images/default_user_profile_pic_64sq.jpg,silver
2025,Ottoman Empire,peterO,Patrick Mahomes,QB,QB,7,https://yahoofantasysports-res.cloudinary.com/image/upload/t_s192sq/fantasy-logos/3cbd811242f77a48a5925a0c93b2ba5473021507d1455bb6d35b7788dcaae08a.png,https://s.yimg.com/ag/images/default_user_profile_pic_64sq.jpg,gold
2025,Ottoman Empire,peterO,Drake London,WR,"WR, W/R/T",7,https://yahoofantasysports-res.cloudinary.com/image/upload/t_s192sq/fantasy-logos/3cbd811242f77a48a5925a0c93b2ba5473021507d1455bb6d35b7788dcaae08a.png,https://s.yimg.com/ag/images/default_user_profile_pic_64sq.jpg,gold
2025,Ottoman Empire,peterO,Keenan Allen,WR,"WR, W/R/T",7,https://yahoofantasysports-res.cloudinary.com/image/upload/t_s192sq/fantasy-logos/3cbd811242f77a48a5925a0c93b2ba5473021507d1455bb6d35b7788dcaae08a.png,https://s.yimg.com/ag/images/default_user_profile_pic_64sq.jpg,gold
2025,Ottoman Empire,peterO,Breece Hall,RB,"RB, W/R/T",7,https://yahoofantasysports-res.cloudinary.com/image/upload/t_s192sq/fantasy-logos/3cbd811242f77a48a5925a0c93b2ba5473021507d1455bb6d35b7788dcaae08a.png,https://s.yimg.com/ag/images/default_user_profile_pic_64sq.jpg,gold
2025,Ottoman Empire,peterO,Javonte Williams,RB,"RB, W/R/T",7,https://yahoofantasysports-res.cloudinary.com/image/upload/t_s192sq/fantasy-logos/3cbd811242f77a48a5925a0c93b2ba5473021507d1455bb6d35b7788dcaae08a.png,https://s.yimg.com/ag/images/default_user_profile_pic_64sq.jpg,gold
2025,Ottoman Empire,peterO,Juwan Johnson,TE,"TE, W/R/T",7,https://yahoofantasysports-res.cloudinary.com/image/upload/t_s192sq/fantasy-logos/3cbd811242f77a48a5925a0c93b2ba5473021507d1455bb6d35b7788dcaae08a.png,https://s.yimg.com/ag/images/default_user_profile_pic_64sq.jpg,gold
2025,Ottoman Empire,peterO,DJ Moore,W/R/T,"WR, W/R/T",7,https://yahoofantasysports-res.cloudinary.com/image/upload/t_s192sq/fantasy-logos/3cbd811242f77a48a5925a0c93b2ba5473021507d1455bb6d35b7788dcaae08a.png,https://s.yimg.com/ag/images/default_user_profile_pic_64sq.jpg,gold
2025,Ottoman Empire,peterO,Garrett Wilson,BN,"WR, W/R/T",7,https://yahoofantasysports-res.cloudinary.com/image/upload/t_s192sq/fantasy-logos/3cbd811242f77a48a5925a0c93b2ba5473021507d1455bb6d35b7788dcaae08a.png,https://s.yimg.com/ag/images/default_user_profile_pic_64sq.jpg,gold
2025,Ottoman Empire,peterO,Bucky Irving,BN,"RB, W/R/T",7,https://yahoofantasysports-res.cloudinary.com/image/upload/t_s192sq/fantasy-logos/3cbd811242f77a48a5925a0c93b2ba5473021507d1455bb6d35b7788dcaae08a.png,https://s.yimg.com/ag/images/default_user_profile_pic_64sq.jpg,gold
2025,Ottoman Empire,peterO,Mike Evans,BN,"WR, W/R/T",7,https://yahoofantasysports-res.cloudinary.com/image/upload/t_s192sq/fantasy-logos/3cbd811242f77a48a5925a0c93b2ba5473021507d1455bb6d35b7788dcaae08a.png,https://s.yimg.com/ag/images/default_user_profile_pic_64sq.jpg,gold
2025,Ottoman Empire,peterO,AJ Barner,BN,"TE, W/R/T",7,https://yahoofantasysports-res.cloudinary.com/image/upload/t_s192sq/fantasy-logos/3cbd811242f77a48a5925a0c93b2ba5473021507d1455bb6d35b7788dcaae08a.png,https://s.yimg.com/ag/images/default_user_profile_pic_64sq.jpg,gold
2025,Ottoman Empire,peterO,Emari Demercado,BN,"RB, W/R/T",7,https://yahoofantasysports-res.cloudinary.com/image/upload/t_s192sq/fantasy-logos/3cbd811242f77a48a5925a0c93b2ba5473021507d1455bb6d35b7788dcaae08a.png,https://s.yimg.com/ag/images/default_user_profile_pic_64sq.jpg,gold
2025,Ottoman Empire,peterO,Kayshon Boutte,BN,"WR, W/R/T",7,https://yahoofantasysports-res.cloudinary.com/image/upload/t_s192sq/fantasy-logos/3cbd811242f77a48a5925a0c93b2ba5473021507d1455bb6d35b7788dcaae08a.png,https://s.yimg.com/ag/images/default_user_profile_pic_64sq.jpg,gold
2025,Ottoman Empire,peterO,Harrison Butker,K,K,7,https://yahoofantasysports-res.cloudinary.com/image/upload/t_s192sq/fantasy-logos/3cbd811242f77a48a5925a0c93b2ba5473021507d1455bb6d35b7788dcaae08a.png,https://s.yimg.com/ag/images/default_user_profile_pic_64sq.jpg,gold
2025,Ottoman Empire,peterO,Indianapolis,DEF,DEF,7,https://yahoofantasysports-res.cloudinary.com/image/upload/t_s192sq/fantasy-logos/3cbd811242f77a48a5925a0c93b2ba5473021507d1455bb6d35b7788dcaae08a.png,https://s.yimg.com/ag/images/default_user_profile_pic_64sq.jpg,gold
2025,Ottoman Empire,peterO,Chicago,BN,DEF,7,https://yahoofantasysports-res.cloudinary.com/image/upload/t_s192sq/fantasy-logos/3cbd811242f77a48a5925a0c93b2ba5473021507d1455bb6d35b7788dcaae08a.png,https://s.yimg.com/ag/images/default_user_profile_pic_64sq.jpg,gold
2025,Shambles,Chris D,Jayden Daniels,QB,QB,7,https://yahoofantasysports-res.cloudinary.com/image/upload/t_s192sq/fantasy-logos/43442306924_f00113.jpg,https://s.yimg.com/ag/images/4518/38724744846_904ae5_64sq.jpg,bronze
2025,Shambles,Chris D,Rashid Shaheed,WR,"WR, W/R/T",7,https://yahoofantasysports-res.cloudinary.com/image/upload/t_s192sq/fantasy-logos/43442306924_f00113.jpg,https://s.yimg.com/ag/images/4518/38724744846_904ae5_64sq.jpg,bronze
2025,Shambles,Chris D,Terry McLaurin,WR,"WR, W/R/T",7,https://yahoofantasysports-res.cloudinary.com/image/upload/t_s192sq/fantasy-logos/43442306924_f00113.jpg,https://s.yimg.com/ag/images/4518/38724744846_904ae5_64sq.jpg,bronze
2025,Shambles,Chris D,Alvin Kamara,RB,"RB, W/R/T",7,https://yahoofantasysports-res.cloudinary.com/image/upload/t_s192sq/fantasy-logos/43442306924_f00113.jpg,https://s.yimg.com/ag/images/4518/38724744846_904ae5_64sq.jpg,bronze
2025,Shambles,Chris D,Chuba Hubbard,RB,"RB, W/R/T",7,https://yahoofantasysports-res.cloudinary.com/image/upload/t_s192sq/fantasy-logos/43442306924_f00113.jpg,https://s.yimg.com/ag/images/4518/38724744846_904ae5_64sq.jpg,bronze
2025,Shambles,Chris D,Sam LaPorta,TE,"TE, W/R/T",7,https://yahoofantasysports-res.cloudinary.com/image/upload/t_s192sq/fantasy-logos/43442306924_f00113.jpg,https://s.yimg.com/ag/images/4518/38724744846_904ae5_64sq.jpg,bronze
2025,Shambles,Chris D,Michael Carter,W/R/T,"RB, W/R/T",7,https://yahoofantasysports-res.cloudinary.com/image/upload/t_s192sq/fantasy-logos/43442306924_f00113.jpg,https://s.yimg.com/ag/images/4518/38724744846_904ae5_64sq.jpg,bronze
2025,Shambles,Chris D,Isaiah Bond,BN,"WR, W/R/T",7,https://yahoofantasysports-res.cloudinary.com/image/upload/t_s192sq/fantasy-logos/43442306924_f00113.jpg,https://s.yimg.com/ag/images/4518/38724744846_904ae5_64sq.jpg,bronze
2025,Shambles,Chris D,Tre Tucker,BN,"WR, W/R/T",7,https://yahoofantasysports-res.cloudinary.com/image/upload/t_s192sq/fantasy-logos/43442306924_f00113.jpg,https://s.yimg.com/ag/images/4518/38724744846_904ae5_64sq.jpg,bronze
2025,Shambles,Chris D,Dalton Kincaid,BN,"TE, W/R/T",7,https://yahoofantasysports-res.cloudinary.com/image/upload/t_s192sq/fantasy-logos/43442306924_f00113.jpg,https://s.yimg.com/ag/images/4518/38724744846_904ae5_64sq.jpg,bronze
2025,Shambles,Chris D,Trey Benson,BN,"RB, W/R/T",7,https://yahoofantasysports-res.cloudinary.com/image/upload/t_s192sq/fantasy-logos/43442306924_f00113.jpg,https://s.yimg.com/ag/images/4518/38724744846_904ae5_64sq.jpg,bronze
2025,Shambles,Chris D,Matthew Stafford,BN,QB,7,https://yahoofantasysports-res.cloudinary.com/image/upload/t_s192sq/fantasy-logos/43442306924_f00113.jpg,https://s.yimg.com/ag/images/4518/38724744846_904ae5_64sq.jpg,bronze
2025,Shambles,Chris D,Darnell Mooney,BN,"WR, W/R/T",7,https://yahoofantasysports-res.cloudinary.com/image/upload/t_s192sq/fantasy-logos/43442306924_f00113.jpg,https://s.yimg.com/ag/images/4518/38724744846_904ae5_64sq.jpg,bronze
2025,Shambles,Chris D,Brashard Smith,BN,"RB, W/R/T",7,https://yahoofantasysports-res.cloudinary.com/image/upload/t_s192sq/fantasy-logos/43442306924_f00113.jpg,https://s.yimg.com/ag/images/4518/38724744846_904ae5_64sq.jpg,bronze
2025,Shambles,Chris D,Jake Elliott,K,K,7,https://yahoofantasysports-res.cloudinary.com/image/upload/t_s192sq/fantasy-logos/43442306924_f00113.jpg,https://s.yimg.com/ag/images/4518/38724744846_904ae5_64sq.jpg,bronze
2025,Shambles,Chris D,Denver,DEF,DEF,7,https://yahoofantasysports-res.cloudinary.com/image/upload/t_s192sq/fantasy-logos/43442306924_f00113.jpg,https://s.yimg.com/ag/images/4518/38724744846_904ae5_64sq.jpg,bronze
2025,Just-End-The-Season,mlapone,Jared Goff,QB,QB,7,https://yahoofantasysports-res.cloudinary.com/image/upload/t_s192sq/fantasy-logos/36369298610_b52464.jpg,https://s.yimg.com/ag/images/4564/39085801456_bdd683_64sq.jpg,bronze
2025,Just-End-The-Season,mlapone,Amon-Ra St. Brown,WR,"WR, W/R/T",7,https://yahoofantasysports-res.cloudinary.com/image/upload/t_s192sq/fantasy-logos/36369298610_b52464.jpg,https://s.yimg.com/ag/images/4564/39085801456_bdd683_64sq.jpg,bronze
2025,Just-End-The-Season,mlapone,Quentin Johnston,WR,"WR, W/R/T",7,https://yahoofantasysports-res.cloudinary.com/image/upload/t_s192sq/fantasy-logos/36369298610_b52464.jpg,https://s.yimg.com/ag/images/4564/39085801456_bdd683_64sq.jpg,bronze
2025,Just-End-The-Season,mlapone,Saquon Barkley,RB,"RB, W/R/T",7,https://yahoofantasysports-res.cloudinary.com/image/upload/t_s192sq/fantasy-logos/36369298610_b52464.jpg,https://s.yimg.com/ag/images/4564/39085801456_bdd683_64sq.jpg,bronze
2025,Just-End-The-Season,mlapone,Zach Charbonnet,RB,"RB, W/R/T",7,https://yahoofantasysports-res.cloudinary.com/image/upload/t_s192sq/fantasy-logos/36369298610_b52464.jpg,https://s.yimg.com/ag/images/4564/39085801456_bdd683_64sq.jpg,bronze
2025,Just-End-The-Season,mlapone,Harold Fannin Jr.,TE,"TE, W/R/T",7,https://yahoofantasysports-res.cloudinary.com/image/upload/t_s192sq/fantasy-logos/36369298610_b52464.jpg,https://s.yimg.com/ag/images/4564/39085801456_bdd683_64sq.jpg,bronze
2025,Just-End-The-Season,mlapone,CeeDee Lamb,W/R/T,"WR, W/R/T",7,https://yahoofantasysports-res.cloudinary.com/image/upload/t_s192sq/fantasy-logos/36369298610_b52464.jpg,https://s.yimg.com/ag/images/4564/39085801456_bdd683_64sq.jpg,bronze
2025,Just-End-The-Season,mlapone,Matthew Golden,BN,"WR, W/R/T",7,https://yahoofantasysports-res.cloudinary.com/image/upload/t_s192sq/fantasy-logos/36369298610_b52464.jpg,https://s.yimg.com/ag/images/4564/39085801456_bdd683_64sq.jpg,bronze
2025,Just-End-The-Season,mlapone,Cooper Kupp,BN,"WR, W/R/T",7,https://yahoofantasysports-res.cloudinary.com/image/upload/t_s192sq/fantasy-logos/36369298610_b52464.jpg,https://s.yimg.com/ag/images/4564/39085801456_bdd683_64sq.jpg,bronze
2025,Just-End-The-Season,mlapone,Nick Chubb,BN,"RB, W/R/T",7,https://yahoofantasysports-res.cloudinary.com/image/upload/t_s192sq/fantasy-logos/36369298610_b52464.jpg,https://s.yimg.com/ag/images/4564/39085801456_bdd683_64sq.jpg,bronze
2025,Just-End-The-Season,mlapone,Aaron Jones Sr.,BN,"RB, W/R/T",7,https://yahoofantasysports-res.cloudinary.com/image/upload/t_s192sq/fantasy-logos/36369298610_b52464.jpg,https://s.yimg.com/ag/images/4564/39085801456_bdd683_64sq.jpg,bronze
2025,Just-End-The-Season,mlapone,Kyle Pitts Sr.,BN,"TE, W/R/T",7,https://yahoofantasysports-res.cloudinary.com/image/upload/t_s192sq/fantasy-logos/36369298610_b52464.jpg,https://s.yimg.com/ag/images/4564/39085801456_bdd683_64sq.jpg,bronze
2025,Just-End-The-Season,mlapone,Calvin Austin III,BN,"WR, W/R/T",7,https://yahoofantasysports-res.cloudinary.com/image/upload/t_s192sq/fantasy-logos/36369298610_b52464.jpg,https://s.yimg.com/ag/images/4564/39085801456_bdd683_64sq.jpg,bronze
2025,Just-End-The-Season,mlapone,Evan Engram,BN,"TE, W/R/T",7,https://yahoofantasysports-res.cloudinary.com/image/upload/t_s192sq/fantasy-logos/36369298610_b52464.jpg,https://s.yimg.com/ag/images/4564/39085801456_bdd683_64sq.jpg,bronze
2025,Just-End-The-Season,mlapone,Nick Folk,K,K,7,https://yahoofantasysports-res.cloudinary.com/image/upload/t_s192sq/fantasy-logos/36369298610_b52464.jpg,https://s.yimg.com/ag/images/4564/39085801456_bdd683_64sq.jpg,bronze
2025,Just-End-The-Season,mlapone,Carolina,DEF,DEF,7,https://yahoofantasysports-res.cloudinary.com/image/upload/t_s192sq/fantasy-logos/36369298610_b52464.jpg,https://s.yimg.com/ag/images/4564/39085801456_bdd683_64sq.jpg,bronze
